Default,Checking_amount,Term,Credit_score,Gender,Marital_status ,Car_loan,Personal_loan,Home_loan,Education_loan,Emp_status,Amount,Saving_amount,Emp_duration ,Age,No_of_credit_acc
0,988,15,796,Female,Single,1,0,0,0,employed,1536,3455,12,38,1
0,458,15,813,Female,Single,1,0,0,0,employed,947,3600,25,36,1
0,158,14,756,Female,Single,0,1,0,0,employed,1678,3093,43,34,1
1,300,25,737,Female,Single,0,0,0,1,employed,1804,2449,0,29,1
1,63,24,662,Female,Single,0,0,0,1,unemployed,1184,2867,4,30,1
0,1071,20,828,Male,Married,1,0,0,0,employed,475,3282,12,32,2
0,-192,13,856,Male,Single,1,0,0,0,employed,626,3398,11,38,1
0,172,16,763,Female,Single,1,0,0,0,employed,1224,3022,12,36,1
0,585,20,778,Female,Single,1,0,0,0,unemployed,1162,3475,12,36,1
1,189,19,649,Male,Married,1,0,0,0,employed,786,2711,0,29,1
1,214,19,742,Male,Married,0,0,0,1,employed,1270,2925,0,25,1
0,710,18,772,Female,Single,0,1,0,0,employed,1198,3694,13,32,2
0,268,18,815,Male,Married,0,1,0,0,employed,1244,3403,21,31,2
1,262,21,726,Female,Single,1,0,0,0,unemployed,977,2191,10,24,4
1,24,21,705,Female,Single,1,0,0,0,employed,1212,2965,0,30,3
0,887,18,779,Female,Single,0,1,0,0,employed,1162,3228,4,34,3
0,360,20,710,Male,Married,0,0,1,0,employed,1437,3484,5,33,4
0,571,16,779,Male,Married,1,0,0,0,employed,1318,3935,3,32,9
0,382,15,757,Male,Married,1,0,0,0,employed,910,3730,5,31,9
0,1151,13,784,Male,Single,0,1,0,0,employed,869,3315,26,32,2
0,167,19,773,Male,Married,0,1,0,0,unemployed,1200,2929,25,35,2
1,491,25,747,Male,Married,0,0,0,1,employed,868,2558,24,29,1
0,156,20,851,Male,Married,1,0,0,0,employed,1518,3337,43,37,2
0,285,18,700,Male,Married,1,0,0,0,employed,1022,3047,49,32,1
1,-38,25,710,Female,Single,0,0,0,1,employed,1133,3213,1,28,1
0,794,21,861,Female,Single,0,1,0,0,employed,1386,3326,6,29,2
0,347,19,799,Female,Single,0,1,0,0,unemployed,1176,2978,62,35,2
0,258,18,766,Female,Single,0,1,0,0,unemployed,768,3738,83,34,2
0,490,15,798,Male,Married,0,1,0,0,unemployed,1098,3458,107,27,1
0,16,22,764,Male,Single,1,0,0,0,unemployed,1166,2906,19,32,1
0,405,27,753,Male,Single,0,0,1,0,unemployed,1085,3595,60,28,2
0,350,19,801,Male,Single,1,0,0,0,employed,958,2958,89,33,1
1,382,21,697,Female,Single,1,0,0,0,employed,1164,2713,46,20,1
0,506,17,768,Female,Single,0,1,0,0,employed,1131,3189,37,30,1
0,122,22,837,Female,Single,1,0,0,0,employed,921,3091,56,37,1
1,45,12,563,Female,Single,0,1,0,0,unemployed,1605,3231,2,26,2
0,512,15,828,Female,Single,0,1,0,0,employed,1355,3739,22,34,1
1,51,20,694,Female,Single,1,0,0,0,employed,1551,3294,34,23,1
0,484,18,721,Female,Single,0,1,0,0,employed,1101,3391,66,29,1
1,382,20,774,Male,Married,0,0,0,1,employed,1255,3319,73,25,2
1,-292,17,712,Male,Married,1,0,0,0,employed,1982,2414,9,25,2
0,367,12,833,Male,Married,0,1,0,0,employed,783,3555,110,33,1
0,472,14,754,Female,Single,1,0,0,0,employed,795,2806,7,34,2
1,65,20,817,Female,Single,1,0,0,0,employed,1399,2969,11,27,1
0,622,15,801,Female,Single,0,1,0,0,employed,846,3494,44,30,1
0,362,20,793,Male,Married,0,1,0,0,employed,655,3124,29,30,2
0,197,18,822,Male,Single,0,1,0,0,employed,1286,3996,10,33,1
0,75,20,834,Male,Single,1,0,0,0,employed,1597,3683,21,30,1
1,287,17,746,Female,Single,1,0,0,0,employed,1502,3409,41,27,1
1,263,15,725,Female,Single,0,0,0,1,employed,1651,3270,24,30,2
0,255,21,756,Female,Single,0,0,1,0,employed,1452,2993,16,28,2
0,779,16,782,Female,Single,1,0,0,0,employed,1028,2833,19,35,2
1,340,22,601,Male,Married,1,0,0,0,employed,1224,2682,10,30,2
0,565,17,773,Male,Married,0,1,0,0,employed,1262,2843,20,33,2
0,602,15,783,Male,Married,0,0,0,1,employed,1171,3214,15,30,2
0,1109,15,699,Male,Single,0,1,0,0,unemployed,894,3558,13,33,2
0,307,15,778,Male,Married,1,0,0,0,unemployed,1473,3973,63,34,1
0,752,20,845,Female,Single,0,1,0,0,unemployed,1246,3472,69,36,1
0,326,17,811,Male,Single,0,1,0,0,unemployed,911,3001,47,36,1
0,177,22,763,Male,Single,0,1,0,0,employed,872,3513,95,31,2
1,110,21,803,Female,Single,1,0,0,0,employed,1286,2903,9,25,2
0,428,17,713,Female,Single,0,1,0,0,employed,960,3475,46,30,2
1,181,17,713,Male,Married,0,0,0,1,employed,1422,3078,37,22,2
0,253,20,759,Male,Single,0,1,0,0,employed,1059,3377,7,34,2
0,646,24,777,Male,Single,1,0,0,0,employed,1447,3375,19,28,1
1,620,20,738,Male,Single,0,0,0,1,employed,1616,2640,42,23,2
0,944,16,724,Male,Single,0,1,0,0,employed,1200,3283,59,39,1
0,227,19,807,Male,Single,0,1,0,0,employed,1539,3672,62,29,2
1,288,19,690,Female,Single,0,0,0,1,employed,2052,3301,43,28,1
0,368,13,769,Female,Single,0,1,0,0,employed,1983,3412,50,36,1
0,836,19,760,Female,Single,0,1,0,0,employed,1502,2952,99,36,1
0,159,25,736,Female,Single,0,1,0,0,employed,1274,3044,99,40,1
0,542,19,683,Male,Married,0,1,0,0,employed,755,2951,43,33,2
0,402,19,804,Male,Married,0,1,0,0,employed,1403,3536,68,26,1
0,532,23,772,Male,Married,0,1,0,0,employed,864,3119,70,36,1
0,526,13,776,Male,Married,0,1,0,0,employed,1350,3391,118,37,2
1,753,11,756,Male,Married,0,1,0,0,employed,1424,3040,96,27,1
0,599,14,822,Male,Married,0,0,0,1,employed,902,3532,85,35,1
0,446,12,680,Female,Single,0,1,0,0,employed,972,3167,116,28,2
0,439,14,811,Female,Single,0,1,0,0,employed,837,3362,9,31,1
1,58,20,941,Female,Single,1,0,0,0,employed,1182,2911,8,30,2
0,949,15,732,Male,Single,0,0,1,0,employed,1192,4012,8,32,2
0,618,18,757,Male,Married,0,1,0,0,employed,949,3754,1,32,2
0,76,24,768,Male,Married,0,1,0,0,employed,1526,3236,25,36,1
1,132,17,712,Female,Single,1,0,0,0,employed,845,2648,10,19,2
0,733,17,762,Male,Married,0,1,0,0,employed,1512,3526,4,36,2
1,213,13,641,Male,Married,0,1,0,0,employed,545,2771,27,26,1
0,286,13,827,Male,Married,0,1,0,0,employed,1570,3020,30,29,2
0,469,17,742,Male,Married,1,0,0,0,employed,791,3568,90,36,2
0,404,18,788,Male,Married,0,1,0,0,employed,1161,3595,34,32,2
1,166,26,704,Male,Single,0,0,0,1,employed,1224,2564,6,31,1
0,523,16,826,Male,Single,0,1,0,0,employed,843,3555,90,34,1
0,348,14,832,Female,Single,0,0,0,1,employed,1146,2862,14,35,1
0,413,15,782,Female,Single,0,1,0,0,employed,1372,3297,37,32,2
0,250,14,786,Female,Single,0,1,0,0,employed,1085,2856,32,34,1
0,289,18,715,Female,Single,0,1,0,0,employed,1005,3211,3,32,1
1,-122,17,697,Male,Married,1,0,0,0,employed,1343,2810,23,24,2
0,566,14,736,Male,Single,0,0,0,1,employed,1204,3061,87,36,2
0,336,18,817,Male,Single,0,1,0,0,employed,1429,3391,17,31,1
1,290,21,531,Female,Single,1,0,0,0,employed,1454,2706,2,23,2
0,437,18,853,Female,Single,0,1,0,0,employed,1294,3199,34,36,1
0,561,19,783,Female,Single,0,1,0,0,employed,1923,3243,45,37,1
1,147,18,528,Female,Single,0,1,0,0,employed,1429,2956,20,27,1
1,276,17,1029,Male,Married,1,0,0,0,employed,1304,2797,27,28,1
0,396,15,843,Male,Single,0,1,0,0,employed,1363,3317,13,32,1
0,377,18,746,Female,Single,0,1,0,0,employed,1764,3067,40,25,2
1,-48,20,716,Male,Married,1,0,0,0,employed,1384,3023,27,22,1
1,354,19,759,Male,Single,1,0,0,0,employed,945,2928,57,31,1
1,255,22,566,Female,Single,1,0,0,0,employed,1265,2600,7,29,2
1,-32,19,653,Female,Single,0,0,0,1,employed,1752,2533,2,27,2
0,321,19,763,Male,Married,0,1,0,0,employed,872,2864,51,32,1
0,659,12,806,Male,Single,0,1,0,0,employed,1137,3001,95,31,1
1,-216,19,697,Male,Single,0,0,1,0,employed,1477,3249,3,30,1
1,485,19,810,Male,Single,1,0,0,0,employed,1237,2686,6,27,2
1,-235,24,610,Female,Single,0,0,0,1,employed,1101,3007,77,24,2
0,482,17,745,Male,Married,1,0,0,0,employed,1365,3279,90,30,2
0,483,12,748,Female,Single,0,1,0,0,employed,1674,3384,101,40,5
0,-188,16,778,Male,Married,0,1,0,0,employed,984,3193,115,35,4
0,681,20,759,Female,Single,0,1,0,0,employed,611,2623,6,36,3
0,520,22,723,Female,Single,0,0,0,1,employed,1112,2836,89,28,5
1,297,22,672,Male,Single,0,0,0,1,employed,1271,3116,86,24,5
1,351,19,674,Female,Single,1,0,0,0,employed,1089,2924,36,27,3
1,-28,21,691,Female,Single,0,0,0,1,employed,809,2929,34,29,3
0,220,18,699,Male,Single,0,1,0,0,employed,1546,3339,67,33,4
1,100,21,689,Female,Single,0,0,0,1,employed,1180,3180,6,28,5
0,119,12,895,Female,Single,0,1,0,0,employed,1348,3384,22,30,3
0,398,18,758,Female,Single,0,1,0,0,employed,967,3269,64,42,3
0,278,21,668,Female,Single,1,0,0,0,employed,1401,3835,26,31,5
1,368,15,670,Male,Married,0,0,0,1,employed,848,2641,10,32,3
0,561,16,773,Male,Married,1,0,0,0,employed,1467,3330,29,32,4
0,493,15,815,Male,Married,0,1,0,0,employed,974,3593,41,35,3
0,432,21,789,Male,Married,0,1,0,0,employed,1007,3270,33,36,3
0,669,16,824,Male,Single,0,1,0,0,employed,1004,3374,105,31,3
0,456,18,796,Female,Single,1,0,0,0,employed,985,3348,82,35,4
0,350,15,716,Male,Married,0,1,0,0,employed,1051,3361,20,33,4
0,595,20,753,Male,Married,1,0,0,0,employed,1318,2974,53,38,4
0,301,16,862,Male,Married,1,0,0,0,unemployed,1242,3141,112,33,4
0,407,18,723,Male,Married,1,0,0,0,unemployed,1450,2871,111,37,3
0,198,14,823,Male,Married,0,1,0,0,unemployed,1719,3465,108,38,5
0,375,15,677,Male,Married,0,0,1,0,employed,1048,2603,11,28,4
0,1184,20,722,Female,Single,1,0,0,0,employed,1165,3087,11,36,5
1,-386,21,753,Male,Married,1,0,0,0,employed,1357,3190,2,26,5
0,901,19,876,Male,Married,0,0,1,0,employed,1510,3664,37,32,3
1,286,24,763,Male,Married,0,0,0,1,employed,1549,2913,34,26,4
0,335,11,793,Male,Married,0,1,0,0,employed,1118,2865,84,30,4
0,188,18,828,Male,Married,0,1,0,0,employed,1478,4014,95,33,4
0,676,11,790,Male,Single,0,1,0,0,employed,1383,3205,42,28,4
0,362,22,817,Female,Single,0,0,0,1,employed,1773,3347,77,32,3
0,601,15,711,Male,Married,0,1,0,0,employed,898,2844,5,35,4
0,146,17,806,Male,Married,0,0,1,0,employed,1458,2688,41,33,3
0,1213,13,827,Female,Single,0,1,0,0,employed,710,3044,97,33,5
0,563,17,844,Male,Married,1,0,0,0,employed,1747,3244,45,30,4
0,-301,15,818,Male,Married,1,0,0,0,employed,1384,3970,22,41,5
0,167,21,794,Male,Married,0,1,0,0,employed,1193,3148,108,32,5
0,247,14,679,Male,Married,1,0,0,0,employed,591,3122,14,30,5
0,49,18,717,Male,Married,1,0,0,0,employed,947,3463,82,32,4
0,27,16,803,Male,Single,0,0,0,1,employed,801,3324,5,35,5
0,533,14,643,Female,Single,1,0,0,0,employed,1070,3315,48,34,4
1,223,23,874,Male,Married,1,0,0,0,employed,1358,2645,108,28,5
0,233,15,866,Male,Married,0,1,0,0,employed,1670,3007,120,33,4
0,591,21,739,Male,Married,0,0,1,0,employed,1455,2923,89,33,5
1,158,16,652,Female,Single,1,0,0,0,employed,652,2960,117,34,5
0,67,19,765,Female,Single,0,1,0,0,employed,1770,3370,0,32,9
1,38,24,734,Male,Married,0,0,0,1,employed,582,3654,45,27,6
0,630,21,642,Male,Married,0,1,0,0,employed,939,3133,92,30,9
0,727,19,764,Female,Single,0,0,0,1,employed,1633,3318,114,32,7
0,317,16,776,Female,Single,0,1,0,0,employed,1116,2987,67,38,8
1,229,16,586,Male,Single,0,0,0,1,employed,1337,3255,5,29,2
0,538,15,617,Female,Single,0,1,0,0,employed,1131,3217,10,33,1
0,655,14,771,Female,Single,0,1,0,0,employed,1497,3231,33,26,1
0,-129,11,680,Male,Single,0,1,0,0,employed,1577,3885,20,36,2
0,818,13,745,Male,Single,0,1,0,0,employed,869,3631,75,28,1
1,-127,20,844,Female,Single,0,0,0,1,employed,1165,3421,8,22,1
1,-108,22,638,Female,Single,1,0,0,0,employed,1579,2290,31,26,2
0,55,21,809,Male,Single,0,1,0,0,employed,1031,3000,1,33,2
0,644,16,698,Female,Single,0,1,0,0,employed,1011,3385,10,27,1
0,490,18,758,Female,Single,1,0,0,0,employed,1665,3149,10,35,2
1,174,18,750,Female,Single,1,0,0,0,employed,1385,2992,33,28,2
1,73,18,652,Female,Single,1,0,0,0,employed,922,2844,23,27,2
1,158,18,780,Female,Single,1,0,0,0,employed,1427,3142,63,31,1
0,546,19,642,Female,Single,0,1,0,0,employed,1340,2994,71,36,1
0,346,13,799,Female,Single,1,0,0,0,employed,1269,3710,106,34,1
0,11,22,788,Male,Single,1,0,0,0,employed,494,2942,36,33,1
0,752,17,774,Male,Single,0,1,0,0,employed,1240,3606,14,38,1
1,342,22,673,Female,Single,1,0,0,0,employed,996,2903,0,30,1
0,265,21,800,Female,Single,0,1,0,0,employed,866,3251,7,35,1
0,250,17,732,Female,Single,1,0,0,0,employed,941,3224,23,33,1
1,38,22,864,Male,Married,0,0,0,1,unemployed,1141,2807,38,27,2
0,551,16,741,Male,Single,0,1,0,0,unemployed,1882,2995,38,34,1
1,-200,20,784,Male,Single,1,0,0,0,unemployed,962,3015,27,22,1
0,315,19,754,Male,Married,1,0,0,0,unemployed,1666,3639,35,32,2
1,57,14,974,Female,Single,1,0,0,0,unemployed,867,3061,6,27,2
1,293,21,765,Female,Single,0,0,0,1,employed,1905,2726,7,25,2
0,-44,17,737,Female,Single,0,1,0,0,employed,1289,3730,2,33,2
1,584,22,591,Female,Single,0,0,0,1,employed,1031,3347,12,25,2
0,631,15,690,Female,Single,0,0,0,1,employed,1340,3182,9,29,2
1,568,20,698,Female,Single,0,0,0,1,employed,1164,2753,9,28,1
0,701,12,800,Female,Single,0,1,0,0,employed,812,2633,11,35,1
0,745,14,812,Female,Single,0,0,0,1,employed,719,3557,46,38,1
0,445,19,633,Female,Single,0,1,0,0,employed,829,3156,65,31,1
0,336,13,807,Female,Single,1,0,0,0,employed,1221,3463,74,28,1
0,639,14,888,Female,Single,0,1,0,0,employed,821,2924,115,31,1
0,239,17,790,Male,Married,1,0,0,0,employed,1275,3441,18,35,1
0,215,18,746,Male,Married,0,0,1,0,employed,1310,2892,69,30,2
0,460,16,673,Male,Married,0,1,0,0,employed,1133,3679,100,26,2
1,445,23,658,Male,Single,0,0,0,1,employed,985,2652,75,32,1
0,783,16,774,Male,Single,0,1,0,0,employed,664,3388,68,28,2
1,375,21,699,Male,Married,0,1,0,0,employed,1353,2919,36,29,2
1,170,22,799,Male,Married,1,0,0,0,employed,1562,3009,88,26,1
1,352,23,717,Male,Single,0,0,0,1,employed,1045,2657,9,24,2
1,72,19,759,Female,Single,1,0,0,0,employed,823,2725,1,28,2
0,312,20,788,Female,Single,0,1,0,0,employed,1387,3029,5,25,2
1,192,24,652,Female,Single,0,0,0,1,employed,1597,2929,22,31,2
1,-407,19,638,Male,Single,0,0,0,1,employed,1277,2796,6,29,1
1,161,18,801,Female,Single,1,0,0,0,employed,1115,2954,12,27,2
0,10,20,798,Female,Single,1,0,0,0,employed,1298,3131,74,31,2
0,553,16,739,Male,Married,0,1,0,0,employed,891,3481,67,39,2
0,541,14,813,Male,Single,1,0,0,0,employed,949,3402,16,31,2
1,452,19,831,Male,Single,0,1,0,0,employed,1804,3162,31,30,2
0,1199,16,792,Female,Single,1,0,0,0,employed,900,2706,0,36,2
0,236,17,842,Female,Single,0,1,0,0,employed,783,4010,2,35,1
1,143,19,816,Female,Single,1,0,0,0,employed,826,3322,11,26,2
0,281,14,744,Female,Single,1,0,0,0,employed,1295,3355,1,31,1
0,496,19,771,Female,Single,1,0,0,0,employed,1264,3270,14,33,1
1,276,17,723,Female,Single,0,1,0,0,employed,1125,3256,38,32,2
0,822,12,690,Female,Single,0,1,0,0,employed,1327,3713,48,33,2
0,466,23,768,Female,Single,1,0,0,0,employed,1175,3251,24,35,2
0,-335,14,786,Female,Single,0,1,0,0,employed,1065,3029,59,30,1
0,170,22,796,Male,Married,0,1,0,0,employed,1557,2898,72,31,2
0,397,19,660,Male,Single,1,0,0,0,employed,1440,3716,9,36,1
1,479,19,554,Female,Single,0,1,0,0,employed,1130,2898,17,23,2
0,789,19,795,Female,Single,1,0,0,0,employed,1163,2896,37,29,2
1,297,18,738,Female,Single,0,0,0,1,employed,1225,2681,65,31,1
0,94,17,807,Male,Married,1,0,0,0,employed,1406,3484,21,36,2
1,225,15,704,Female,Single,0,0,0,1,employed,1528,2808,119,22,2
0,527,17,751,Male,Married,0,0,0,1,employed,1272,3563,81,39,2
0,424,20,768,Male,Married,0,1,0,0,employed,768,3031,105,35,1
1,391,21,512,Female,Single,1,0,0,0,employed,1566,2886,50,27,2
0,261,17,764,Female,Single,1,0,0,0,employed,1321,3837,90,36,1
1,-44,21,603,Male,Married,0,0,0,1,employed,1708,2718,4,24,2
1,333,22,767,Male,Married,0,0,0,1,employed,1183,3306,105,23,2
0,887,21,749,Female,Single,0,1,0,0,employed,1576,3220,4,29,2
0,550,18,931,Female,Single,0,1,0,0,employed,1437,3918,6,38,1
0,588,16,832,Female,Single,0,1,0,0,employed,1055,3271,5,29,2
0,839,13,747,Female,Single,0,1,0,0,employed,1963,3320,8,32,2
0,258,15,787,Female,Single,0,1,0,0,employed,1424,2932,36,28,2
0,167,17,817,Female,Single,0,1,0,0,employed,1773,2730,25,30,2
0,509,17,877,Female,Single,0,0,0,0,employed,1447,3291,22,31,2
1,16,18,682,Female,Single,0,1,0,0,employed,1121,3145,75,32,1
0,880,17,752,Female,Single,0,1,0,0,employed,770,3275,83,28,1
0,516,16,813,Male,Married,1,0,0,0,employed,912,2970,3,34,1
0,882,25,827,Male,Married,0,1,0,0,employed,1413,3243,12,31,2
0,44,15,745,Male,Married,0,0,1,0,employed,1086,3240,60,31,2
0,-45,18,829,Male,Married,0,1,0,0,employed,1058,3422,108,30,2
0,222,17,824,Male,Single,0,0,1,0,employed,1609,3279,41,28,1
0,170,19,858,Male,Single,1,0,0,0,employed,1685,3735,44,37,1
1,58,19,892,Male,Single,0,1,0,0,employed,1261,2954,25,25,2
0,239,20,814,Male,Single,0,1,0,0,employed,1345,3204,110,32,2
1,41,17,792,Male,Married,1,0,0,0,employed,1107,2755,94,32,1
0,510,14,790,Female,Single,0,1,0,0,employed,1359,3293,10,33,2
0,492,10,735,Female,Single,0,1,0,0,employed,1111,3108,82,36,2
0,949,14,787,Male,Single,0,1,0,0,employed,719,3051,29,35,1
1,431,20,625,Male,Single,0,0,0,1,employed,869,3369,16,26,1
0,729,20,796,Male,Single,0,1,0,0,employed,1266,3325,88,35,2
1,78,18,642,Female,Single,0,1,0,0,employed,763,2421,48,20,2
1,94,18,716,Female,Single,0,1,0,0,employed,1317,3423,22,24,2
0,18,13,845,Female,Single,0,1,0,0,employed,1008,3013,25,39,1
0,387,21,843,Male,Married,0,1,0,0,employed,1162,2738,30,30,1
0,491,16,815,Male,Married,0,1,0,0,employed,1077,2894,42,28,1
0,324,18,766,Male,Married,0,1,0,0,employed,1523,3352,47,31,2
0,327,19,803,Male,Married,0,1,0,0,employed,1315,3437,42,37,2
0,425,18,810,Male,Married,0,1,0,0,employed,969,3507,27,30,1
0,787,20,752,Male,Married,0,1,0,0,employed,1661,3210,48,37,1
1,138,25,627,Male,Married,1,0,0,0,employed,988,2815,77,25,1
0,374,17,780,Male,Single,1,0,0,0,employed,1313,3448,6,34,1
0,375,17,780,Male,Single,0,1,0,0,employed,1531,3073,10,32,1
0,475,16,845,Male,Single,0,1,0,0,employed,1621,3332,5,32,2
0,868,12,762,Male,Single,0,1,0,0,employed,1072,3309,14,36,1
0,383,15,715,Male,Single,0,1,0,0,employed,972,3492,14,30,1
0,309,12,776,Male,Single,0,1,0,0,employed,989,3667,119,41,1
0,1044,14,775,Female,Single,0,1,0,0,employed,1701,2946,17,37,2
1,129,21,709,Male,Married,0,1,0,0,employed,1157,2798,36,27,2
0,266,22,735,Male,Married,1,0,0,0,employed,1185,2862,15,32,2
0,764,16,772,Male,Married,0,1,0,0,employed,1253,3531,21,35,1
0,488,19,826,Male,Married,0,1,0,0,employed,1173,3110,18,27,2
0,515,22,823,Male,Married,0,1,0,0,employed,789,3679,13,35,1
0,462,17,837,Male,Married,0,0,1,0,employed,1442,3555,32,37,1
0,-107,19,750,Male,Married,1,0,0,0,employed,1289,3267,1,32,1
0,662,12,872,Male,Married,0,1,0,0,employed,824,3147,29,33,2
0,818,13,777,Male,Married,1,0,0,0,employed,1170,3124,97,30,2
0,572,27,855,Male,Single,1,0,0,0,employed,1800,3349,4,31,2
0,192,21,838,Male,Single,0,1,0,0,employed,1587,3248,9,34,2
1,20,25,813,Male,Single,0,1,0,0,employed,1787,2582,47,21,2
0,635,18,844,Female,Single,0,1,0,0,employed,1392,3133,15,35,1
0,373,18,853,Male,Single,0,1,0,0,employed,1450,3410,40,35,1
0,84,18,784,Male,Single,0,1,0,0,employed,1263,3090,85,35,2
0,530,14,776,Female,Single,0,1,0,0,employed,1338,3431,0,30,2
1,-89,18,553,Female,Single,0,1,0,0,unemployed,960,2780,1,27,1
1,64,21,912,Female,Single,0,0,1,0,unemployed,1147,2934,3,24,1
1,37,20,577,Female,Single,0,1,0,0,unemployed,1153,3294,47,28,2
0,669,14,853,Female,Single,0,1,0,0,unemployed,894,3137,59,33,1
0,654,19,821,Female,Single,0,1,0,0,unemployed,1068,3320,117,39,2
0,327,14,840,Male,Married,0,1,0,0,unemployed,1281,3273,44,33,1
0,123,18,836,Male,Married,1,0,0,0,unemployed,1021,3760,15,33,2
0,141,23,874,Male,Married,0,1,0,0,unemployed,1139,3607,33,34,1
0,356,18,762,Male,Married,0,1,0,0,unemployed,942,3201,38,33,2
0,453,18,740,Male,Married,0,1,0,0,unemployed,814,3244,17,37,1
0,405,17,795,Male,Married,1,0,0,0,unemployed,1022,3148,41,29,1
0,288,17,789,Male,Married,0,1,0,0,unemployed,1193,3608,70,35,2
0,210,21,844,Male,Married,0,1,0,0,unemployed,1650,3363,94,30,2
0,375,14,779,Male,Married,0,1,0,0,unemployed,1235,3445,111,33,2
0,853,10,772,Male,Married,1,0,0,0,unemployed,856,3608,115,32,2
0,479,15,805,Male,Married,1,0,0,0,unemployed,1548,3221,85,30,2
0,693,13,745,Male,Single,0,1,0,0,unemployed,1771,3365,4,32,2
1,335,22,599,Male,Single,0,1,0,0,unemployed,1000,3267,4,22,1
0,203,22,788,Male,Married,0,1,0,0,unemployed,1137,3086,115,36,2
1,-379,21,868,Male,Single,0,1,0,0,unemployed,1402,2892,0,29,2
1,109,24,991,Male,Single,0,1,0,0,unemployed,1139,3354,11,31,2
1,-96,15,797,Female,Single,1,0,0,0,unemployed,1487,2534,3,29,2
0,576,13,871,Female,Single,0,1,0,0,unemployed,1385,3590,2,35,2
1,478,21,518,Female,Single,0,1,0,0,unemployed,1179,3553,35,26,1
0,673,17,756,Female,Single,0,1,0,0,unemployed,910,3502,119,38,1
0,555,16,826,Male,Married,1,0,0,0,unemployed,1504,3207,5,31,1
0,707,20,734,Male,Married,1,0,0,0,unemployed,871,3536,9,34,1
0,845,14,727,Male,Married,0,1,0,0,unemployed,583,3039,5,30,1
0,705,17,785,Male,Married,1,0,0,0,unemployed,1013,2707,40,31,2
0,58,19,837,Male,Married,0,1,0,0,unemployed,1487,2654,52,35,1
0,782,14,747,Male,Single,0,1,0,0,unemployed,906,2819,6,32,1
1,248,19,689,Male,Single,0,1,0,0,unemployed,1319,3311,10,27,2
1,-109,12,650,Male,Single,0,1,0,0,unemployed,1268,2723,74,27,1
0,-174,21,819,Female,Single,0,1,0,0,unemployed,1010,3508,9,35,1
0,435,20,686,Female,Single,0,1,0,0,unemployed,1321,2639,1,34,1
1,405,21,789,Female,Single,1,0,0,0,unemployed,1767,2769,39,30,1
0,357,18,824,Female,Single,1,0,0,0,unemployed,1258,3650,48,39,1
1,184,18,851,Female,Single,1,0,0,0,unemployed,1399,2843,32,33,1
1,16,20,596,Female,Single,1,0,0,0,unemployed,827,2799,13,26,1
1,231,18,747,Female,Single,1,0,0,0,unemployed,1769,2689,13,26,1
0,390,16,771,Female,Single,0,1,0,0,unemployed,1095,3285,64,29,2
1,87,20,534,Female,Single,0,1,0,0,unemployed,1579,3064,116,24,2
1,144,18,873,Male,Married,0,1,0,0,unemployed,1247,2732,67,23,2
1,403,24,743,Male,Married,0,1,0,0,unemployed,2066,2871,75,30,1
1,290,21,600,Male,Married,1,0,0,0,unemployed,1146,3177,59,29,1
0,290,17,726,Male,Married,1,0,0,0,unemployed,1314,3220,53,28,1
0,434,16,808,Male,Married,1,0,0,0,unemployed,1527,2985,102,37,1
0,303,20,737,Male,Single,0,1,0,0,unemployed,1599,2864,46,33,2
1,230,20,750,Male,Single,0,1,0,0,unemployed,1507,2866,11,31,1
1,-34,18,739,Female,Single,0,1,0,0,unemployed,1355,2357,0,32,2
0,786,17,797,Female,Single,0,0,0,1,unemployed,1541,2964,75,30,1
1,1,22,773,Male,Married,0,0,0,1,unemployed,1308,2981,38,25,2
0,-162,19,757,Male,Married,0,1,0,0,unemployed,1487,3341,79,32,1
0,448,15,793,Male,Married,1,0,0,0,unemployed,1281,3686,52,34,1
0,631,15,805,Male,Married,0,1,0,0,unemployed,1517,3480,89,34,1
0,743,15,763,Male,Married,0,1,0,0,unemployed,1686,3025,103,33,1
0,946,18,741,Male,Single,0,1,0,0,unemployed,747,2961,61,29,1
0,-51,18,799,Female,Single,0,1,0,0,unemployed,882,2873,17,30,1
1,312,23,851,Male,Married,1,0,0,0,unemployed,953,2658,76,29,2
1,292,15,734,Female,Single,0,1,0,0,unemployed,1232,3336,6,26,1
0,536,22,805,Female,Single,0,1,0,0,unemployed,1053,3510,10,32,1
0,278,19,872,Female,Single,0,1,0,0,unemployed,1415,3070,1,36,1
1,115,20,838,Female,Single,0,0,0,1,employed,1387,2593,5,23,2
1,-130,20,610,Female,Single,0,0,0,1,employed,1335,3008,6,34,1
0,326,17,799,Female,Single,0,1,0,0,employed,1214,3707,100,30,2
0,255,16,777,Male,Married,1,0,0,0,employed,1111,2517,4,30,1
0,98,23,771,Male,Married,0,1,0,0,employed,969,3432,25,35,2
0,711,13,801,Male,Married,0,1,0,0,unemployed,1184,3160,39,33,1
0,204,13,869,Male,Married,0,1,0,0,unemployed,1567,2670,80,35,1
0,343,16,812,Male,Married,0,1,0,0,unemployed,1402,3201,107,29,2
0,385,19,766,Male,Married,0,1,0,0,unemployed,1424,3128,97,35,1
0,492,17,771,Male,Married,1,0,0,0,unemployed,1122,3492,98,32,2
0,389,18,819,Male,Married,0,1,0,0,unemployed,1063,3428,96,31,2
1,314,19,782,Male,Married,0,1,0,0,unemployed,1687,2476,101,29,1
0,746,18,682,Male,Married,0,1,0,0,unemployed,1112,3672,120,31,2
0,712,21,770,Male,Married,0,1,0,0,unemployed,1939,4108,101,29,1
0,496,17,748,Female,Single,1,0,0,0,unemployed,1184,3118,39,35,2
0,951,18,791,Male,Single,0,1,0,0,unemployed,582,3171,42,32,1
0,859,17,732,Male,Single,0,1,0,0,unemployed,1769,3439,42,42,1
0,86,9,815,Female,Single,0,1,0,0,unemployed,839,3574,6,32,2
1,237,15,720,Female,Single,0,1,0,0,unemployed,1547,2792,33,26,2
0,553,14,790,Female,Single,0,1,0,0,unemployed,1380,2910,45,36,2
0,777,16,790,Female,Single,0,1,0,0,unemployed,815,2864,40,31,1
0,180,20,797,Female,Single,0,1,0,0,unemployed,1255,3209,13,32,2
0,477,15,855,Female,Single,0,1,0,0,unemployed,1069,3170,56,29,2
1,16,19,713,Male,Married,0,1,0,0,unemployed,1329,2717,2,30,2
0,499,18,827,Male,Married,1,0,0,0,unemployed,900,3606,3,33,2
0,848,16,831,Male,Married,0,1,0,0,unemployed,1106,3417,5,33,2
0,241,17,689,Male,Married,0,1,0,0,unemployed,926,3235,32,33,2
0,879,18,630,Male,Married,0,1,0,0,unemployed,889,3198,19,36,2
1,-144,18,528,Male,Married,1,0,0,0,unemployed,1490,2690,69,24,2
0,129,16,834,Male,Married,0,1,0,0,unemployed,1175,3764,75,32,2
0,626,17,819,Male,Single,0,1,0,0,unemployed,698,3042,24,34,2
0,28,23,734,Male,Single,1,0,0,0,unemployed,978,2896,12,27,2
1,204,22,742,Female,Single,0,1,0,0,unemployed,1349,2739,0,27,1
1,153,17,708,Female,Single,0,1,0,0,unemployed,1039,2616,6,29,1
1,7,27,769,Female,Single,0,1,0,0,unemployed,1549,2608,7,29,1
0,653,18,743,Female,Single,0,1,0,0,unemployed,653,3145,9,32,1
0,416,24,758,Female,Single,0,1,0,0,unemployed,955,3101,10,33,2
1,192,15,757,Female,Single,0,1,0,0,unemployed,1419,2553,48,27,2
1,142,17,526,Female,Single,0,1,0,0,unemployed,805,3373,28,31,1
0,217,21,670,Female,Single,0,1,0,0,unemployed,1127,3183,14,37,1
0,231,14,799,Female,Single,0,1,0,0,unemployed,998,3062,23,35,2
0,133,23,780,Female,Single,1,0,0,0,unemployed,865,3299,77,30,1
0,890,14,761,Female,Single,0,0,0,1,unemployed,1047,3267,63,33,1
1,183,26,559,Female,Single,1,0,0,0,unemployed,1176,2851,105,23,1
0,457,12,844,Male,Married,0,1,0,0,unemployed,739,2918,9,33,2
0,322,19,772,Male,Married,0,1,0,0,unemployed,1281,3605,1,30,2
0,588,14,728,Male,Married,1,0,0,0,unemployed,1062,3597,23,32,2
0,297,21,797,Male,Married,0,1,0,0,unemployed,520,4044,43,33,1
1,386,16,842,Male,Married,1,0,0,0,unemployed,395,3094,39,30,1
1,61,24,664,Male,Married,1,0,0,0,unemployed,1379,2615,24,27,1
0,629,21,851,Male,Married,0,1,0,0,unemployed,1414,3277,34,32,1
0,121,15,815,Male,Married,0,1,0,0,unemployed,1599,2970,39,34,1
1,-249,15,540,Male,Married,0,0,1,0,unemployed,1651,3230,13,25,1
1,-186,17,706,Male,Married,0,0,0,1,unemployed,1369,3277,14,28,2
1,107,21,635,Male,Married,0,0,0,1,unemployed,1485,3322,30,20,2
0,592,20,815,Male,Married,1,0,0,0,unemployed,1268,3219,18,32,2
0,375,18,760,Male,Married,0,1,0,0,unemployed,1103,3199,15,31,2
0,576,13,773,Male,Married,0,1,0,0,unemployed,1080,3058,46,34,2
0,-227,15,758,Male,Married,1,0,0,0,unemployed,978,3658,32,31,2
0,174,15,834,Male,Married,1,0,0,0,unemployed,1273,3376,74,37,1
0,415,19,860,Male,Married,1,0,0,0,unemployed,817,3204,68,33,2
0,363,17,783,Male,Married,0,1,0,0,unemployed,1137,3801,78,36,2
1,-125,15,817,Male,Married,0,1,0,0,unemployed,1437,3228,61,24,1
0,365,18,813,Male,Married,0,1,0,0,unemployed,825,3334,73,33,1
0,476,13,702,Male,Married,0,1,0,0,unemployed,1884,3374,66,33,2
0,406,16,821,Male,Married,0,1,0,0,unemployed,828,3164,50,32,1
0,923,20,803,Male,Married,0,1,0,0,unemployed,1241,3066,117,33,1
0,971,19,815,Male,Married,0,1,0,0,unemployed,1071,3571,117,30,1
0,214,11,735,Male,Married,0,1,0,0,unemployed,1188,3695,93,37,1
0,328,18,777,Male,Married,0,1,0,0,unemployed,1278,3578,90,29,2
0,776,20,883,Male,Married,0,1,0,0,unemployed,1560,3441,120,34,2
1,178,18,469,Male,Single,0,1,0,0,unemployed,1587,2662,33,29,2
1,-44,24,614,Male,Single,0,0,0,1,unemployed,1411,3293,48,25,2
1,362,18,645,Male,Single,0,1,0,0,unemployed,871,2594,43,27,1
0,446,16,841,Male,Single,1,0,0,0,unemployed,870,3143,42,32,2
1,96,21,740,Male,Single,1,0,0,0,unemployed,1246,2498,25,26,1
0,986,25,736,Male,Single,0,0,0,1,unemployed,1140,3257,32,25,1
0,627,16,771,Male,Married,0,1,0,0,unemployed,1202,3564,56,38,2
1,427,25,737,Male,Single,1,0,0,0,unemployed,1601,2804,78,29,1
1,-102,20,786,Male,Single,0,1,0,0,unemployed,1382,3583,82,23,2
0,771,18,743,Female,Single,0,1,0,0,unemployed,1384,3074,10,30,1
0,708,17,850,Female,Single,0,0,0,1,unemployed,1575,2887,26,32,2
1,39,23,579,Male,Married,0,1,0,0,unemployed,1813,2471,10,31,2
1,230,20,644,Male,Married,0,1,0,0,unemployed,1436,3349,34,29,2
0,503,17,747,Male,Married,1,0,0,0,unemployed,659,3551,48,30,1
0,245,20,768,Male,Married,1,0,0,0,unemployed,1719,3388,67,33,2
0,664,14,733,Male,Married,0,1,0,0,unemployed,1110,3075,54,35,2
0,477,13,821,Male,Married,0,1,0,0,unemployed,900,3005,63,33,2
0,703,18,772,Male,Married,1,0,0,0,unemployed,1332,3620,96,32,2
1,343,21,732,Male,Married,0,1,0,0,unemployed,1435,2563,27,28,1
0,548,15,792,Female,Single,0,0,1,0,unemployed,823,3224,0,35,2
1,312,20,670,Female,Single,1,0,0,0,employed,780,3173,11,26,2
0,577,16,741,Female,Single,0,1,0,0,employed,1667,3337,3,32,2
0,747,15,830,Female,Single,1,0,0,0,employed,740,2938,4,30,1
0,568,21,771,Female,Single,1,0,0,0,employed,1318,3327,17,30,2
0,331,17,738,Female,Single,1,0,0,0,employed,1207,3297,31,29,2
0,301,21,763,Female,Single,0,1,0,0,employed,1144,3995,32,36,2
0,827,11,813,Female,Single,0,1,0,0,employed,1142,3734,40,32,2
0,572,14,810,Female,Single,0,1,0,0,employed,244,2929,51,30,1
0,-272,14,788,Female,Single,1,0,0,0,unemployed,1215,3447,58,33,2
0,606,16,719,Female,Single,0,1,0,0,unemployed,1323,3521,103,33,2
0,496,22,759,Female,Single,0,1,0,0,unemployed,1047,3014,104,28,2
0,1036,18,836,Female,Single,1,0,0,0,unemployed,1113,3374,118,27,1
0,461,17,760,Female,Single,0,1,0,0,unemployed,1032,3053,93,36,2
0,503,17,832,Female,Single,0,1,0,0,unemployed,986,3065,96,33,1
0,939,18,718,Male,Married,1,0,0,0,unemployed,316,3036,0,38,1
0,487,19,727,Male,Married,0,1,0,0,unemployed,584,2777,18,35,1
1,166,22,565,Male,Married,1,0,0,0,unemployed,1024,2373,43,18,1
0,-56,17,693,Male,Married,0,0,1,0,unemployed,1677,3319,21,30,2
0,589,20,772,Male,Married,1,0,0,0,unemployed,1354,3360,30,35,2
0,660,16,771,Male,Married,0,0,1,0,unemployed,1549,3195,34,28,1
1,-81,17,604,Male,Married,1,0,0,0,unemployed,1374,3241,66,29,2
0,469,15,734,Male,Married,0,0,1,0,unemployed,1187,3211,66,36,1
0,433,19,695,Male,Married,0,0,1,0,unemployed,1245,3245,77,33,2
0,286,20,834,Male,Married,0,1,0,0,unemployed,1015,3147,50,35,2
1,50,25,586,Male,Married,1,0,0,0,unemployed,1232,3683,107,24,2
0,827,19,766,Male,Married,0,1,0,0,unemployed,1079,3574,119,29,2
0,102,16,774,Male,Married,0,1,0,0,unemployed,405,2561,100,31,2
0,131,18,741,Male,Married,0,1,0,0,unemployed,1525,2767,103,30,2
0,652,13,777,Male,Married,0,1,0,0,unemployed,1261,2659,86,30,2
0,558,19,786,Male,Married,0,1,0,0,unemployed,609,3217,85,41,2
0,589,9,735,Male,Married,0,1,0,0,unemployed,968,2949,94,32,2
1,447,17,730,Male,Single,1,0,0,0,unemployed,1819,3338,22,24,2
0,373,17,796,Male,Married,0,1,0,0,unemployed,934,3183,86,35,1
0,-53,12,841,Male,Married,0,1,0,0,unemployed,1085,3407,69,31,1
0,-383,20,717,Male,Married,0,1,0,0,unemployed,1728,3757,103,34,2
0,361,17,803,Female,Single,0,0,0,1,unemployed,1722,3401,3,36,2
0,594,17,752,Male,Married,1,0,0,0,unemployed,1167,3674,45,37,2
1,48,14,684,Female,Single,1,0,0,0,unemployed,1572,3183,45,27,1
1,-76,19,605,Male,Married,0,0,0,1,unemployed,1755,2698,20,23,1
1,34,20,677,Male,Married,1,0,0,0,unemployed,1102,3393,52,30,2
1,245,17,692,Male,Single,0,1,0,0,unemployed,1160,2792,36,23,1
0,220,19,786,Male,Married,0,1,0,0,unemployed,1286,3836,2,38,2
0,824,18,743,Female,Single,0,1,0,0,unemployed,1279,3063,102,33,1
0,826,23,775,Male,Married,0,1,0,0,unemployed,1572,3024,30,32,2
0,730,13,714,Male,Married,0,0,1,0,unemployed,1396,3195,22,31,2
1,-75,26,639,Male,Married,1,0,0,0,unemployed,1073,3063,26,23,1
0,577,17,814,Male,Married,0,0,0,1,unemployed,1209,3224,27,38,1
0,566,18,732,Male,Married,1,0,0,0,unemployed,1233,2950,93,36,1
0,-117,12,761,Male,Single,1,0,0,0,unemployed,1535,3209,16,31,2
0,300,20,798,Male,Single,0,1,0,0,unemployed,1144,3336,119,31,1
1,316,14,643,Female,Single,0,0,0,1,unemployed,1181,2756,86,30,2
0,809,17,833,Female,Single,1,0,0,0,unemployed,1062,3730,100,34,1
0,830,26,767,Male,Married,1,0,0,0,unemployed,1411,3433,0,29,2
1,76,25,694,Male,Married,0,1,0,0,unemployed,1068,3072,30,21,1
1,-107,22,709,Male,Married,0,0,0,1,unemployed,727,2807,44,27,1
1,433,18,680,Male,Married,0,0,0,1,unemployed,1415,3030,21,22,1
1,361,15,590,Male,Married,1,0,0,0,unemployed,1968,3160,39,33,2
0,558,20,658,Male,Married,0,1,0,0,unemployed,978,3869,21,39,1
0,631,17,811,Male,Married,0,0,0,1,unemployed,1241,3493,30,27,2
1,-28,21,775,Male,Married,1,0,0,0,unemployed,768,3006,90,29,1
0,270,15,895,Male,Married,1,0,0,0,unemployed,1363,2908,100,34,1
1,29,24,743,Male,Married,0,0,0,1,unemployed,1100,2882,86,29,2
0,317,19,837,Male,Married,0,1,0,0,unemployed,1111,3252,116,37,1
0,506,10,766,Male,Married,0,0,0,1,unemployed,1605,3304,100,29,1
1,228,18,764,Male,Married,1,0,0,0,unemployed,1241,3058,98,29,1
0,715,21,794,Male,Married,1,0,0,0,unemployed,1205,3700,120,32,2
0,52,16,820,Male,Married,0,1,0,0,unemployed,1713,3326,88,30,2
1,288,17,701,Female,Single,1,0,0,0,unemployed,1147,3459,22,25,1
0,155,21,768,Female,Single,1,0,0,0,unemployed,717,3601,87,35,2
1,163,24,845,Male,Single,1,0,0,0,unemployed,1389,2991,95,29,3
0,373,18,758,Male,Single,0,1,0,0,unemployed,989,3356,86,33,3
0,972,15,819,Female,Single,0,1,0,0,unemployed,1403,3625,11,34,3
0,953,18,709,Female,Single,0,1,0,0,unemployed,1097,2802,29,31,3
0,-222,14,750,Female,Single,0,1,0,0,unemployed,1103,3599,4,33,3
1,200,17,717,Female,Single,1,0,0,0,unemployed,1214,3144,48,27,3
0,306,14,755,Male,Single,0,1,0,0,unemployed,608,3215,40,31,4
0,722,10,763,Female,Single,0,1,0,0,unemployed,1382,3384,75,34,3
1,12,18,659,Male,Married,0,1,0,0,unemployed,1710,3360,22,27,5
1,-94,18,613,Male,Single,1,0,0,0,unemployed,1303,3347,19,29,3
1,568,23,751,Female,Single,0,1,0,0,unemployed,1308,2858,3,24,3
0,1275,15,771,Female,Single,0,1,0,0,unemployed,1299,2949,14,39,3
1,102,18,727,Female,Single,0,1,0,0,unemployed,1041,2191,2,27,3
0,470,16,759,Female,Single,0,1,0,0,unemployed,1589,3085,107,34,4
1,209,20,638,Male,Married,1,0,0,0,unemployed,1543,2979,100,26,4
0,1217,16,799,Female,Single,0,0,0,1,unemployed,1536,3369,43,39,3
0,449,15,758,Female,Single,0,1,0,0,unemployed,1359,3461,60,36,3
1,231,21,669,Female,Single,0,1,0,0,unemployed,1336,3161,2,29,4
1,236,20,566,Female,Single,0,1,0,0,unemployed,1020,2853,36,28,5
1,98,21,695,Female,Single,1,0,0,0,unemployed,1390,2758,28,26,3
0,425,16,789,Female,Single,1,0,0,0,unemployed,863,3197,47,35,4
1,11,17,832,Female,Single,1,0,0,0,unemployed,1516,2819,66,27,3
1,154,17,737,Male,Married,0,0,0,0,unemployed,1300,2709,1,30,3
1,218,23,697,Male,Married,1,0,0,0,unemployed,1406,3282,30,28,5
1,210,21,561,Male,Married,0,0,0,0,unemployed,830,3237,108,24,4
0,597,18,813,Male,Single,1,0,0,0,unemployed,1235,3293,62,31,4
0,415,11,751,Male,Married,1,0,0,0,unemployed,1312,3265,115,32,5
0,775,16,845,Male,Married,0,1,0,0,unemployed,1186,3640,99,32,4
0,244,15,771,Male,Married,1,0,0,0,unemployed,832,3531,42,34,3
0,523,17,809,Male,Married,0,0,0,0,unemployed,1085,3256,49,30,5
1,618,19,836,Male,Single,0,1,0,0,unemployed,975,2757,61,28,4
0,682,22,763,Male,Single,0,0,1,0,unemployed,1064,3334,30,34,3
1,328,20,609,Female,Single,1,0,0,0,unemployed,1070,2782,32,27,5
1,329,19,723,Female,Single,0,1,0,0,unemployed,1098,2444,26,28,5
0,177,14,793,Female,Single,0,0,1,0,unemployed,1725,3410,38,31,5
1,231,20,661,Female,Single,0,0,0,1,unemployed,1447,3106,43,26,4
0,664,16,766,Female,Single,0,1,0,0,unemployed,1748,3253,114,29,5
0,862,15,811,Male,Married,0,1,0,0,unemployed,1220,3020,45,34,4
0,948,16,799,Male,Married,1,0,0,0,unemployed,898,3091,22,32,3
0,-128,16,728,Male,Married,0,1,0,0,unemployed,1087,3092,107,34,5
0,441,17,749,Male,Single,1,0,0,0,unemployed,1579,2951,40,35,3
1,77,22,664,Female,Single,1,0,0,0,unemployed,1565,2703,27,28,5
0,750,15,761,Male,Single,0,1,0,0,unemployed,977,3033,21,37,5
1,250,23,648,Male,Married,0,0,0,1,unemployed,1473,2427,73,25,4
0,485,17,750,Female,Single,1,0,0,0,unemployed,754,3857,23,35,5
0,297,19,860,Male,Married,0,1,0,0,unemployed,1277,3500,42,34,5
1,-85,21,569,Male,Married,0,0,1,0,unemployed,1328,3338,58,27,5
0,440,19,798,Male,Single,0,1,0,0,unemployed,1182,2517,0,40,3
0,-136,19,736,Male,Single,0,1,0,0,unemployed,1227,2951,23,31,5
0,599,19,749,Male,Single,0,1,0,0,unemployed,809,3391,108,32,3
0,421,12,844,Male,Married,0,1,0,0,unemployed,1231,3364,77,31,5
1,8,17,892,Male,Married,1,0,0,0,unemployed,1603,3026,107,29,4
0,108,18,764,Male,Single,1,0,0,0,unemployed,832,3482,1,29,4
0,810,19,834,Male,Single,0,1,0,0,unemployed,1149,3915,21,32,5
1,-140,20,691,Male,Single,0,0,0,1,unemployed,1295,3042,102,31,3
0,625,19,858,Female,Single,0,1,0,0,unemployed,1567,3584,28,32,3
0,-7,18,726,Female,Single,0,0,1,0,unemployed,1228,3282,70,34,4
0,703,17,769,Female,Single,1,0,0,0,unemployed,1551,3423,112,33,5
0,595,16,773,Male,Married,0,1,0,0,unemployed,1215,3020,43,35,5
1,206,18,719,Male,Married,0,1,0,0,unemployed,1379,3287,82,31,3
0,371,16,755,Male,Married,1,0,0,0,unemployed,886,3040,113,30,5
0,1112,13,804,Male,Married,1,0,0,0,unemployed,1637,3116,93,34,3
0,353,16,769,Male,Married,0,1,0,0,unemployed,1429,3273,120,28,5
0,582,18,742,Male,Married,0,0,1,0,unemployed,1081,3063,116,36,5
0,180,13,731,Male,Single,0,0,1,0,unemployed,674,3501,22,38,4
0,392,14,813,Female,Single,0,1,0,0,unemployed,1368,3115,29,37,4
0,270,14,855,Male,Married,0,1,0,0,unemployed,1686,3403,3,30,4
0,460,19,772,Male,Married,0,1,0,0,unemployed,1051,3028,118,31,5
0,546,20,730,Male,Single,0,0,1,0,unemployed,1338,3382,5,36,3
0,36,21,740,Female,Single,1,0,0,0,unemployed,1340,3370,5,29,4
0,200,23,882,Female,Single,0,1,0,0,unemployed,652,3229,12,35,5
0,108,14,824,Female,Single,0,1,0,0,unemployed,1504,3299,27,39,4
1,196,23,735,Male,Married,0,0,0,1,unemployed,1385,2595,7,22,3
0,814,16,696,Female,Single,0,1,0,0,unemployed,1146,3318,22,28,4
0,359,19,745,Female,Single,0,1,0,0,unemployed,1166,2987,62,36,3
0,713,17,784,Male,Married,1,0,0,0,unemployed,1442,3145,42,30,4
1,8,17,904,Male,Married,1,0,0,0,unemployed,1290,3027,37,29,3
0,31,19,780,Male,Married,0,1,0,0,unemployed,742,3476,20,33,3
1,447,19,741,Male,Married,1,0,0,0,unemployed,1190,2799,70,32,5
0,218,13,871,Male,Married,0,1,0,0,unemployed,656,3030,52,37,4
0,775,17,693,Male,Married,0,1,0,0,unemployed,1379,3302,116,32,4
0,724,19,834,Male,Married,0,1,0,0,unemployed,787,2810,117,28,4
0,863,17,855,Male,Married,0,1,0,0,unemployed,909,3126,98,32,4
0,589,18,747,Male,Single,0,1,0,0,unemployed,1335,3055,39,39,3
0,594,19,820,Male,Single,0,1,0,0,unemployed,741,3060,15,32,4
0,639,19,844,Male,Married,0,1,0,0,unemployed,1396,3266,35,34,4
0,522,15,745,Male,Single,0,1,0,0,unemployed,780,3313,32,31,3
0,346,15,780,Female,Single,1,0,0,0,unemployed,891,3272,73,32,3
0,454,20,760,Male,Married,0,1,0,0,unemployed,1148,4021,21,33,5
0,245,17,826,Male,Married,0,1,0,0,unemployed,385,3028,24,32,5
0,165,19,676,Male,Married,0,1,0,0,unemployed,1316,3459,60,32,5
0,-139,16,787,Male,Married,0,1,0,0,unemployed,1153,3238,83,38,3
0,480,21,714,Male,Married,0,1,0,0,unemployed,952,3553,60,31,5
0,670,12,820,Male,Married,0,1,0,0,unemployed,764,2541,62,33,5
1,36,23,826,Male,Married,1,0,0,0,unemployed,1085,3149,120,28,5
1,234,20,532,Male,Married,0,1,0,0,unemployed,1395,2783,120,28,5
1,352,18,784,Male,Single,0,0,1,0,unemployed,1422,2082,18,30,3
0,209,16,793,Male,Single,1,0,0,0,unemployed,894,3783,77,33,4
0,59,16,805,Male,Married,1,0,0,0,unemployed,1325,3550,55,36,4
0,283,12,771,Male,Single,1,0,0,0,unemployed,1118,3478,19,38,4
1,132,21,708,Female,Single,1,0,0,0,unemployed,930,2757,42,25,3
0,422,12,735,Female,Single,0,1,0,0,unemployed,1499,3470,94,35,5
1,369,25,575,Male,Married,0,0,0,1,unemployed,1505,2780,0,28,5
0,693,19,837,Male,Married,1,0,0,0,unemployed,667,3201,57,38,3
0,368,17,873,Male,Married,1,0,0,0,unemployed,1463,3306,97,32,3
0,755,21,809,Male,Married,0,1,0,0,unemployed,1282,3242,96,32,5
0,265,19,794,Male,Married,0,1,0,0,unemployed,1572,2913,110,37,4
0,408,16,816,Male,Married,0,1,0,0,unemployed,1202,3470,109,34,3
0,465,19,861,Male,Married,0,0,0,1,unemployed,1160,3612,114,34,4
1,-119,17,756,Male,Single,0,0,0,1,unemployed,707,2769,11,29,3
0,423,13,622,Female,Single,1,0,0,0,unemployed,1287,3459,8,33,5
1,273,19,606,Female,Single,0,1,0,0,unemployed,1410,2800,11,24,4
0,27,15,719,Female,Single,0,1,0,0,unemployed,1752,3237,23,35,3
0,830,23,835,Female,Single,0,1,0,0,unemployed,1328,2971,40,35,3
0,555,22,774,Female,Single,0,0,1,0,unemployed,1696,3079,33,27,4
0,968,17,814,Male,Married,1,0,0,0,unemployed,1413,2805,55,33,5
0,428,18,841,Male,Married,0,0,1,0,unemployed,1016,3246,78,37,4
1,271,16,662,Male,Married,0,0,0,1,unemployed,1856,3416,54,25,3
0,981,20,778,Male,Single,0,1,0,0,unemployed,1207,3203,47,33,3
0,-165,18,769,Female,Single,1,0,0,0,unemployed,863,3126,26,39,5
0,59,19,825,Female,Single,0,1,0,0,unemployed,1533,3027,21,32,3
0,332,21,764,Female,Single,0,1,0,0,unemployed,783,3441,28,33,3
0,-8,18,817,Female,Single,0,0,1,0,unemployed,1518,3241,47,36,5
0,599,19,861,Female,Single,0,0,0,1,unemployed,905,2839,27,30,4
0,379,23,756,Female,Single,0,1,0,0,unemployed,1132,3012,59,35,5
0,66,16,778,Female,Single,0,0,1,0,unemployed,1246,2824,54,29,3
1,-29,16,881,Male,Married,1,0,0,0,unemployed,1083,2659,5,27,5
1,307,17,722,Male,Married,0,0,0,1,unemployed,1429,2855,10,25,4
0,765,16,783,Male,Married,0,1,0,0,unemployed,898,3199,11,34,4
0,314,20,720,Male,Married,0,1,0,0,unemployed,1719,2963,31,32,4
0,1296,21,726,Male,Married,0,0,1,0,unemployed,857,3298,32,33,4
0,928,18,748,Male,Married,0,0,0,1,unemployed,1726,3212,14,31,5
0,364,14,766,Male,Married,1,0,0,0,unemployed,1040,3532,28,34,3
0,927,17,822,Male,Married,1,0,0,0,unemployed,1095,3477,34,33,3
0,457,15,784,Male,Married,0,1,0,0,unemployed,1174,2792,18,32,4
0,684,23,745,Male,Married,0,0,1,0,unemployed,1253,3135,52,31,4
0,445,16,761,Male,Married,0,1,0,0,unemployed,1261,2790,57,37,3
0,473,16,799,Male,Married,0,1,0,0,unemployed,1267,2998,86,32,5
1,338,16,618,Male,Married,0,1,0,0,unemployed,1372,3009,98,23,4
0,775,11,770,Male,Married,0,0,0,1,unemployed,1254,4022,111,36,4
0,359,14,805,Male,Married,0,1,0,0,unemployed,1233,3651,107,28,4
0,750,22,774,Male,Single,0,1,0,0,unemployed,810,3108,49,32,4
1,58,23,757,Female,Single,1,0,0,0,unemployed,1434,2811,8,29,3
0,282,15,782,Female,Single,1,0,0,0,unemployed,1337,3408,82,28,5
0,235,16,744,Male,Married,1,0,0,0,unemployed,1336,3509,3,32,5
0,462,19,858,Male,Married,0,1,0,0,unemployed,1349,2796,28,38,5
0,332,19,833,Male,Married,1,0,0,0,unemployed,1144,3504,74,32,4
0,605,15,817,Male,Married,1,0,0,0,unemployed,1162,3025,70,36,4
0,510,20,796,Male,Single,1,0,0,0,unemployed,1411,3654,108,32,3
0,88,19,783,Female,Single,0,1,0,0,employed,1234,2824,78,28,4
1,134,16,766,Male,Single,1,0,0,0,employed,1079,2355,6,24,5
0,712,20,775,Female,Single,0,1,0,0,employed,1445,3183,42,34,5
1,-18,18,787,Female,Single,0,1,0,0,employed,1465,3706,23,27,5
0,380,18,800,Female,Single,1,0,0,0,employed,1297,3543,14,32,4
0,125,18,770,Female,Single,0,1,0,0,employed,1418,3333,52,38,3
1,172,20,684,Male,Married,1,0,0,0,employed,1128,3234,45,24,5
0,769,16,775,Male,Married,1,0,0,0,employed,1207,3670,17,30,5
0,584,11,815,Male,Married,1,0,0,0,employed,1125,3239,74,34,5
1,-76,22,656,Male,Married,1,0,0,0,employed,777,2787,74,27,4
0,738,18,717,Male,Married,0,1,0,0,employed,1422,2829,65,29,3
0,85,15,818,Male,Married,0,0,1,0,unemployed,1493,3394,81,32,5
0,616,14,813,Male,Married,0,1,0,0,unemployed,1459,3516,105,33,5
0,924,10,688,Male,Married,0,1,0,0,unemployed,964,3044,100,31,4
1,28,19,674,Male,Married,0,1,0,0,unemployed,1009,3407,96,28,5
0,874,22,844,Male,Married,0,1,0,0,unemployed,715,3111,88,37,3
0,796,17,770,Male,Married,0,1,0,0,unemployed,1355,3012,85,32,4
0,776,18,895,Male,Married,1,0,0,0,unemployed,1657,3558,100,29,5
0,-14,18,759,Male,Married,0,1,0,0,unemployed,966,2974,92,40,4
0,422,19,746,Male,Single,1,0,0,0,unemployed,1307,3273,108,32,5
0,445,10,756,Male,Single,1,0,0,0,unemployed,1531,2889,110,32,4
0,639,17,793,Female,Single,0,1,0,0,unemployed,1202,3557,28,34,4
0,459,17,726,Male,Married,0,1,0,0,unemployed,1195,3515,105,31,5
1,345,18,833,Male,Married,0,1,0,0,unemployed,1342,3090,83,31,4
0,267,15,637,Female,Single,1,0,0,0,unemployed,942,2948,95,39,4
1,313,17,827,Male,Married,0,0,0,1,unemployed,923,2616,99,25,4
0,-93,19,766,Male,Married,1,0,0,0,unemployed,866,3098,67,34,3
0,528,19,883,Female,Single,0,0,0,1,unemployed,1538,3498,5,31,5
0,30,22,723,Male,Married,0,1,0,0,unemployed,1491,3047,34,35,3
1,265,18,756,Male,Married,0,1,0,0,unemployed,1286,2694,48,24,5
0,732,20,838,Male,Married,0,1,0,0,unemployed,1657,3144,41,33,4
1,-60,22,451,Male,Married,0,1,0,0,unemployed,1900,3115,21,29,3
1,249,14,760,Male,Married,1,0,0,0,unemployed,1374,3096,113,25,3
0,-129,18,760,Male,Married,1,0,0,0,unemployed,809,3146,117,34,3
0,377,17,807,Male,Married,1,0,0,0,unemployed,1245,3187,118,37,3
1,283,21,376,Male,Married,1,0,0,0,unemployed,1639,3061,99,26,4
0,262,15,773,Male,Married,0,0,1,0,unemployed,661,3733,114,27,3
0,1036,17,783,Male,Married,1,0,0,0,unemployed,1312,3753,88,32,3
0,354,21,845,Male,Married,0,1,0,0,unemployed,927,3129,95,32,5
1,-436,16,650,Female,Single,1,0,0,0,unemployed,1062,2673,91,25,8
0,419,13,867,Male,Married,0,1,0,0,unemployed,681,3376,105,31,6
1,54,18,695,Male,Single,1,0,0,0,unemployed,1093,3013,49,23,7
0,178,19,812,Male,Married,0,1,0,0,unemployed,1160,3218,59,32,9
0,-103,14,842,Male,Married,0,1,0,0,unemployed,1498,3512,119,32,9
0,503,18,828,Male,Married,0,1,0,0,unemployed,1668,3182,107,32,7
0,287,15,814,Male,Married,0,0,1,0,unemployed,1297,3382,1,35,8
0,829,26,778,Male,Married,1,0,0,0,unemployed,857,3527,21,32,7
0,889,13,773,Male,Single,0,1,0,0,unemployed,613,3202,12,34,6
1,395,17,687,Female,Single,0,1,0,0,unemployed,1197,2612,4,26,9
0,396,21,789,Male,Married,0,1,0,0,unemployed,1656,3650,105,34,9
0,616,9,788,Female,Single,0,1,0,0,unemployed,1121,3342,1,35,1
1,37,17,656,Male,Single,0,1,0,0,unemployed,1374,2723,19,27,1
1,284,15,869,Male,Married,0,1,0,0,unemployed,1146,2601,107,26,1
0,512,23,741,Female,Single,1,0,0,0,unemployed,973,3339,0,35,2
0,481,21,728,Female,Single,0,1,0,0,unemployed,975,2873,5,36,2
0,1019,21,819,Female,Single,0,1,0,0,unemployed,1664,3273,111,30,1
1,156,10,814,Male,Married,0,0,0,1,unemployed,1498,3105,0,32,2
0,-137,14,787,Male,Married,1,0,0,0,unemployed,1629,3432,24,28,1
0,908,23,736,Male,Single,0,1,0,0,unemployed,728,3846,8,33,1
0,764,15,782,Female,Single,0,1,0,0,unemployed,1798,2828,79,35,2
0,830,12,809,Male,Married,0,1,0,0,unemployed,885,3510,29,34,1
0,451,21,771,Male,Married,0,0,1,0,unemployed,1498,3147,50,29,2
0,626,16,774,Male,Married,0,0,0,1,unemployed,1080,3746,95,33,2
1,-208,19,827,Male,Single,1,0,0,0,unemployed,1607,2580,11,27,2
1,164,20,684,Male,Married,0,1,0,0,unemployed,1351,3121,10,32,1
1,160,15,674,Female,Single,1,0,0,0,unemployed,1496,3195,0,25,2
0,23,15,828,Male,Married,0,1,0,0,unemployed,1126,3717,116,31,2
0,630,11,791,Male,Married,0,0,1,0,unemployed,1284,3003,118,31,1
0,-285,12,778,Male,Married,0,0,1,0,unemployed,1154,3379,46,38,1
0,310,19,742,Male,Single,1,0,0,0,unemployed,790,3422,0,30,1
0,190,13,821,Female,Single,0,1,0,0,unemployed,1235,3185,93,31,1
1,101,19,640,Male,Married,0,0,0,1,unemployed,1625,2145,108,26,2
0,494,21,739,Male,Married,1,0,0,0,unemployed,1727,3223,89,33,1
0,406,21,814,Female,Single,0,1,0,0,unemployed,386,3006,12,29,2
1,240,18,512,Female,Single,0,1,0,0,unemployed,1281,3612,0,25,2
1,1,18,703,Female,Single,1,0,0,0,unemployed,1446,2555,8,25,1
1,322,23,740,Female,Single,0,1,0,0,unemployed,1082,3035,13,28,1
1,-39,20,718,Male,Married,0,0,0,1,unemployed,1091,2710,16,26,2
0,441,17,698,Male,Single,1,0,0,0,unemployed,1469,3125,21,33,2
0,530,21,837,Female,Single,1,0,0,0,unemployed,1062,3600,0,37,1
0,263,19,811,Male,Married,0,1,0,0,unemployed,1494,2877,0,33,2
0,267,13,851,Male,Single,1,0,0,0,unemployed,490,2850,30,36,2
1,-178,21,716,Male,Single,1,0,0,0,unemployed,1386,2834,115,21,1
1,140,23,708,Male,Married,1,0,0,0,unemployed,1415,2727,0,26,2
0,356,20,725,Male,Married,1,0,0,0,unemployed,1452,3309,91,36,2
0,399,17,823,Female,Single,1,0,0,0,unemployed,2362,3594,25,37,2
0,349,19,718,Male,Married,0,1,0,0,unemployed,1660,3498,77,38,2
0,374,17,841,Male,Single,0,1,0,0,unemployed,1075,3652,119,35,2
1,45,18,849,Female,Single,0,1,0,0,unemployed,631,2415,42,29,1
0,694,16,796,Female,Single,1,0,0,0,unemployed,1410,3666,61,36,2
0,211,13,722,Female,Single,1,0,0,0,unemployed,1109,3335,94,33,2
0,616,17,765,Male,Married,0,1,0,0,unemployed,1062,3543,13,33,2
0,-1,17,773,Male,Married,1,0,0,0,unemployed,1226,3258,30,29,2
0,454,15,756,Male,Married,0,0,1,0,unemployed,785,3543,32,30,1
0,395,20,688,Male,Married,1,0,0,0,unemployed,1115,3279,96,39,1
0,917,19,797,Male,Married,0,1,0,0,unemployed,1038,3213,113,33,1
0,355,15,803,Male,Single,1,0,0,0,unemployed,1537,3226,60,37,1
1,79,14,962,Female,Single,0,1,0,0,unemployed,1351,3149,36,34,2
1,258,14,833,Female,Single,0,1,0,0,unemployed,1197,2636,53,29,1
0,514,17,812,Male,Married,0,1,0,0,unemployed,1270,3731,0,35,1
0,473,19,739,Male,Married,1,0,0,0,unemployed,1212,3338,49,31,2
1,298,20,654,Male,Married,0,1,0,0,unemployed,1284,2843,112,26,2
0,191,25,822,Male,Married,0,1,0,0,unemployed,1271,3456,111,29,2
0,436,21,843,Male,Single,0,1,0,0,unemployed,1304,3384,0,31,1
0,914,18,753,Male,Married,1,0,0,0,unemployed,954,3237,111,31,2
0,800,18,812,Male,Married,1,0,0,0,unemployed,819,2760,85,36,1
0,586,16,750,Male,Married,1,0,0,0,unemployed,703,2350,114,37,2
0,461,16,916,Female,Single,1,0,0,0,unemployed,593,3131,1,35,2
0,618,18,757,Female,Single,0,1,0,0,unemployed,1472,3605,12,37,2
1,248,24,553,Male,Married,0,1,0,0,unemployed,1214,2776,0,28,2
1,2,16,724,Male,Married,1,0,0,0,unemployed,1266,2862,51,28,1
1,72,18,810,Male,Single,0,1,0,0,unemployed,1113,2739,93,28,2
0,330,16,716,Male,Married,1,0,0,0,unemployed,1243,3322,0,39,2
0,1319,11,793,Male,Married,1,0,0,0,unemployed,969,3324,0,30,1
1,-203,18,645,Male,Married,1,0,0,0,unemployed,1349,3341,111,30,1
1,183,21,746,Male,Married,0,0,0,1,unemployed,980,2704,94,34,2
0,465,19,802,Male,Married,1,0,0,0,unemployed,1697,3583,68,38,2
0,725,18,758,Male,Married,0,0,0,1,unemployed,638,3303,71,32,1
1,-7,20,665,Female,Single,1,0,0,0,unemployed,1703,2360,110,30,2
0,799,18,863,Male,Married,1,0,0,0,unemployed,1249,3277,12,35,2
0,555,13,805,Male,Married,1,0,0,0,unemployed,962,3414,34,31,2
1,116,22,716,Male,Married,1,0,0,0,unemployed,1083,3018,7,29,2
0,142,13,773,Male,Married,1,0,0,0,unemployed,1394,3134,19,30,2
0,145,21,792,Male,Married,0,1,0,0,unemployed,1183,2881,14,35,1
0,414,22,752,Male,Married,0,1,0,0,unemployed,1373,3165,42,30,2
1,85,20,843,Male,Married,1,0,0,0,unemployed,1078,3212,109,30,2
1,-293,21,818,Female,Single,1,0,0,0,unemployed,1002,2983,0,29,2
0,393,18,846,Female,Single,0,1,0,0,unemployed,1603,3282,54,31,1
0,462,21,810,Female,Single,1,0,0,0,unemployed,1435,3873,110,32,1
0,717,17,739,Male,Married,1,0,0,0,unemployed,1669,3453,32,31,2
0,822,17,783,Male,Married,0,1,0,0,unemployed,1041,3312,43,34,2
1,512,18,601,Male,Married,1,0,0,0,unemployed,997,3060,104,26,1
1,111,20,668,Male,Married,0,1,0,0,unemployed,1799,3190,87,24,1
1,270,19,612,Male,Married,0,0,0,1,unemployed,1227,3237,95,26,1
0,211,19,751,Male,Married,1,0,0,0,unemployed,599,3356,92,36,1
1,325,16,722,Male,Married,1,0,0,0,unemployed,1182,3210,104,29,1
0,1237,21,841,Male,Married,1,0,0,0,unemployed,1349,2797,12,31,2
0,494,16,792,Male,Married,0,1,0,0,unemployed,1531,2857,5,36,1
0,14,12,803,Female,Single,0,1,0,0,unemployed,1194,2828,97,41,4
0,441,20,761,Female,Single,1,0,0,0,unemployed,1696,3210,117,30,3
1,515,19,661,Female,Single,1,0,0,0,unemployed,941,3344,27,26,5
1,202,23,785,Male,Single,0,0,0,1,unemployed,1070,2274,15,23,4
0,297,17,814,Female,Single,0,0,1,0,unemployed,932,3311,37,34,3
0,341,19,752,Male,Married,0,1,0,0,unemployed,1432,3464,65,28,3
0,384,20,709,Male,Married,0,1,0,0,unemployed,1125,3114,11,34,3
0,761,16,857,Male,Single,0,1,0,0,unemployed,1424,3120,76,32,5
0,493,22,764,Male,Married,0,0,1,0,unemployed,928,3526,16,38,5
0,590,19,756,Male,Married,0,1,0,0,unemployed,465,3503,113,34,3
0,-16,18,706,Female,Single,0,0,0,1,unemployed,1095,3699,53,34,4
0,274,17,703,Male,Married,0,1,0,0,employed,1166,2826,6,31,5
0,396,21,784,Male,Married,0,1,0,0,employed,1317,3083,69,31,4
0,-567,19,785,Male,Single,0,1,0,0,employed,1326,3688,9,36,5
1,71,18,507,Female,Single,0,1,0,0,employed,1094,2648,0,30,3
0,301,15,815,Male,Married,1,0,0,0,employed,1029,3282,4,35,3
1,-130,25,620,Male,Married,0,0,0,1,employed,1211,2642,0,26,3
1,-140,21,638,Male,Married,0,1,0,0,unemployed,1505,3024,1,27,4
1,-115,22,700,Male,Married,0,1,0,0,unemployed,1161,3579,37,27,3
0,200,19,739,Male,Married,1,0,0,0,unemployed,888,3614,78,28,5
0,552,12,817,Male,Married,1,0,0,0,unemployed,1337,3024,120,35,3
0,553,21,846,Male,Married,1,0,0,0,unemployed,1313,3008,85,36,4
1,12,23,744,Male,Single,1,0,0,0,unemployed,1110,3285,0,28,5
1,281,18,778,Male,Single,1,0,0,0,unemployed,1532,3323,0,29,5
1,274,20,739,Female,Single,0,0,0,1,unemployed,1051,3234,110,29,3
1,300,18,733,Male,Married,0,1,0,0,unemployed,1415,2922,36,32,5
0,362,14,776,Female,Single,1,0,0,0,unemployed,616,3334,2,29,3
0,793,14,721,Male,Married,1,0,0,0,unemployed,934,3429,86,35,3
1,312,22,683,Female,Single,0,0,0,1,unemployed,1088,2769,26,24,5
0,-175,21,884,Male,Married,0,1,0,0,unemployed,1153,3195,45,34,3
1,335,18,866,Male,Married,0,1,0,0,unemployed,1371,3192,5,25,3
1,225,20,902,Female,Single,0,0,0,1,unemployed,1170,2324,113,29,3
1,240,24,731,Female,Single,0,1,0,0,unemployed,968,2741,92,20,5
0,963,17,801,Male,Married,1,0,0,0,unemployed,1261,3497,43,36,5
0,492,15,837,Male,Married,1,0,0,0,unemployed,1702,3206,96,35,3
1,305,22,733,Male,Married,0,0,0,1,unemployed,1279,2583,47,31,9
0,422,13,844,Male,Married,0,1,0,0,unemployed,1813,3270,12,25,6
0,576,10,771,Male,Married,1,0,0,0,unemployed,915,3694,97,28,6
1,341,25,726,Male,Married,1,0,0,0,unemployed,1609,2763,101,33,8
0,250,17,747,Male,Married,1,0,0,0,employed,1277,3268,22,32,7
0,742,16,871,Male,Single,0,0,1,0,employed,924,3734,5,31,8
1,-44,11,573,Female,Single,0,0,1,0,employed,1604,2846,0,21,7
0,252,19,763,Female,Single,0,1,0,0,unemployed,660,3001,2,31,1
1,143,21,867,Male,Married,0,1,0,0,unemployed,1263,3377,24,23,1
1,206,16,636,Male,Married,0,0,0,1,unemployed,791,2460,30,26,2
0,504,16,806,Male,Married,1,0,0,0,unemployed,1134,3362,45,32,1
1,272,21,751,Male,Married,1,0,0,0,unemployed,1297,2451,12,33,2
1,-103,17,706,Male,Married,0,0,0,1,unemployed,1135,2680,46,22,1
1,533,17,696,Male,Married,0,0,0,1,unemployed,1304,3066,12,29,1
0,494,14,721,Male,Married,1,0,0,0,unemployed,1769,3588,3,36,1
0,651,18,741,Male,Married,1,0,0,0,unemployed,1483,3415,20,34,1
0,706,15,842,Male,Married,0,1,0,0,unemployed,1150,3673,25,30,1
0,293,17,737,Male,Married,1,0,0,0,unemployed,1022,3002,39,29,1
0,176,18,793,Female,Single,0,0,0,1,unemployed,1468,3062,30,35,2
0,428,20,715,Male,Married,0,0,0,1,unemployed,1286,3455,77,36,1
0,302,16,755,Male,Married,1,0,0,0,unemployed,1689,3052,12,32,2
0,252,15,796,Male,Married,1,0,0,0,unemployed,600,3070,2,33,2
0,-290,20,979,Male,Married,0,0,1,0,unemployed,1308,3555,13,35,1
0,760,15,850,Female,Single,0,1,0,0,unemployed,1115,3801,22,33,2
1,41,19,801,Male,Single,0,1,0,0,unemployed,1410,3109,4,27,1
0,198,22,751,Male,Married,1,0,0,0,unemployed,796,3550,4,33,1
0,813,19,827,Male,Married,1,0,0,0,unemployed,1048,3350,28,33,2
0,497,16,741,Male,Married,0,1,0,0,unemployed,632,2891,42,35,2
1,146,20,670,Female,Single,0,1,0,0,unemployed,1147,3063,91,26,1
0,229,16,770,Male,Married,0,1,0,0,unemployed,1788,3561,30,36,1
0,630,15,854,Male,Married,1,0,0,0,unemployed,1042,3268,33,35,2
0,645,18,801,Male,Married,0,1,0,0,unemployed,1253,3721,96,35,1
0,515,12,749,Male,Married,1,0,0,0,unemployed,1527,3384,23,36,1
1,327,15,705,Male,Married,1,0,0,0,unemployed,1208,3239,102,29,2
1,-93,23,593,Male,Married,0,0,0,1,unemployed,1016,3163,105,27,2
0,610,17,805,Male,Married,0,1,0,0,unemployed,1271,3143,108,33,2
1,107,22,635,Female,Single,1,0,0,0,unemployed,1501,2928,112,35,2
0,332,14,788,Male,Married,0,0,0,1,unemployed,1193,3155,35,35,2
1,-197,17,720,Male,Married,0,0,0,1,unemployed,1465,2986,75,27,2
0,417,17,754,Male,Married,1,0,0,0,unemployed,767,2731,40,35,5
0,161,20,866,Male,Married,1,0,0,0,unemployed,1305,3775,6,33,4
0,387,19,801,Male,Married,0,1,0,0,unemployed,1771,3393,80,24,5
0,352,17,776,Male,Married,1,0,0,0,unemployed,1031,3855,115,33,5
0,319,17,763,Male,Married,0,1,0,0,unemployed,1150,3489,6,33,5
0,339,18,752,Male,Married,1,0,0,0,unemployed,1237,3535,44,30,3
0,212,18,764,Male,Married,1,0,0,0,unemployed,1206,3685,28,32,5
0,919,18,736,Male,Married,0,1,0,0,unemployed,1226,3786,48,32,3
1,-112,21,547,Male,Married,1,0,0,0,unemployed,1199,2665,67,34,5
0,102,11,775,Male,Married,1,0,0,0,unemployed,1109,3311,7,30,4
0,551,13,798,Male,Married,1,0,0,0,unemployed,1042,3515,9,35,3
0,59,18,773,Male,Married,1,0,0,0,unemployed,1396,3375,59,32,4
0,95,17,751,Male,Married,1,0,0,0,unemployed,1200,3121,90,34,3
0,570,17,776,Male,Married,0,0,0,1,unemployed,1303,3526,2,33,4
1,208,19,694,Male,Married,1,0,0,0,unemployed,1471,2840,21,29,3
0,693,17,853,Male,Married,0,0,1,0,unemployed,594,2904,52,35,5
1,-42,23,653,Male,Married,1,0,0,0,unemployed,1407,3201,104,23,3
1,294,23,783,Male,Married,1,0,0,0,unemployed,1189,3338,64,30,5
0,542,15,771,Male,Married,1,0,0,0,unemployed,925,3074,80,31,7
0,72,15,765,Male,Married,0,1,0,0,unemployed,1237,3111,70,30,9
0,309,15,733,Male,Married,1,0,0,0,unemployed,1568,3594,46,30,1
0,92,15,789,Male,Married,0,1,0,0,unemployed,1413,3314,34,32,2
1,-181,20,824,Female,Single,0,0,0,1,unemployed,1244,2414,2,29,2
0,-158,13,791,Male,Married,1,0,0,0,unemployed,1310,3084,82,30,1
0,137,14,892,Female,Single,1,0,0,0,unemployed,1523,3519,79,33,2
0,543,14,757,Male,Married,0,1,0,0,unemployed,1559,3154,31,32,1
0,825,19,763,Male,Married,1,0,0,0,unemployed,1193,3268,16,34,1
0,439,16,823,Male,Married,0,1,0,0,unemployed,848,3313,101,33,2
0,450,10,896,Female,Single,0,0,1,0,unemployed,1259,3365,5,32,1
1,859,23,599,Male,Married,1,0,0,0,unemployed,747,3058,40,29,1
0,261,20,803,Male,Married,0,1,0,0,unemployed,1110,3097,49,37,1
1,114,16,991,Male,Married,0,1,0,0,unemployed,884,2880,117,27,2
0,118,19,810,Male,Married,0,1,0,0,unemployed,642,3048,36,35,1
0,522,16,854,Male,Married,1,0,0,0,unemployed,853,3331,17,33,1
0,502,11,748,Male,Married,1,0,0,0,unemployed,1300,3383,52,33,1
0,547,15,917,Male,Married,0,1,0,0,unemployed,1328,3645,111,34,2
1,100,16,765,Female,Single,0,0,0,1,unemployed,1362,2768,97,23,1
0,492,17,775,Male,Married,0,1,0,0,unemployed,1155,3142,72,26,2
1,325,18,699,Male,Married,0,0,0,1,unemployed,1515,2778,20,28,1
0,372,15,860,Male,Married,0,1,0,0,unemployed,720,3345,47,35,2
1,285,21,661,Male,Married,0,1,0,0,unemployed,1429,2800,107,24,2
0,462,17,768,Male,Married,0,1,0,0,unemployed,1054,3414,86,37,1
0,100,18,832,Female,Single,0,1,0,0,unemployed,916,3256,7,31,1
0,141,20,811,Female,Single,1,0,0,0,unemployed,1240,3248,81,30,1
1,367,13,822,Male,Married,0,1,0,0,unemployed,1898,3258,94,26,2
1,335,22,795,Male,Married,1,0,0,0,unemployed,1261,2580,103,25,1
0,451,16,795,Male,Married,0,1,0,0,unemployed,1145,3679,115,35,1
0,491,18,795,Male,Married,1,0,0,0,unemployed,1534,3514,108,26,2
0,469,20,818,Male,Married,1,0,0,0,unemployed,621,3699,34,33,2
1,-39,23,760,Male,Married,1,0,0,0,unemployed,905,3058,94,32,1
0,372,14,813,Male,Married,0,1,0,0,unemployed,1220,3006,66,38,1
1,333,21,862,Male,Married,1,0,0,0,unemployed,1552,2665,62,25,2
1,215,19,679,Male,Married,0,1,0,0,unemployed,1179,3287,2,25,1
1,335,19,593,Male,Married,0,0,0,1,unemployed,1230,3205,34,30,1
0,252,18,811,Male,Married,1,0,0,0,unemployed,703,2919,14,35,2
0,442,19,860,Male,Married,0,0,1,0,unemployed,1221,3267,30,29,2
1,397,16,580,Male,Married,1,0,0,0,unemployed,1277,2577,68,28,2
0,796,12,779,Male,Married,1,0,0,0,unemployed,939,3569,103,36,2
0,920,15,722,Male,Married,0,1,0,0,unemployed,656,3370,96,29,1
0,827,17,853,Male,Married,1,0,0,0,unemployed,1084,3173,97,31,2
0,997,13,768,Male,Married,1,0,0,0,unemployed,598,3347,108,35,1
0,156,16,794,Male,Married,1,0,0,0,unemployed,1815,3201,19,27,4
0,540,17,769,Male,Married,1,0,0,0,unemployed,1114,3406,33,34,5
0,500,17,796,Male,Married,1,0,0,0,unemployed,839,3130,2,28,4
1,202,19,718,Male,Married,1,0,0,0,unemployed,1384,2437,88,25,4
1,-328,21,547,Male,Married,0,1,0,0,unemployed,1169,2755,108,34,5
0,375,18,761,Male,Married,0,1,0,0,unemployed,1461,3203,43,34,5
0,488,15,762,Male,Married,0,0,1,0,unemployed,945,3693,33,34,4
0,767,24,782,Male,Married,1,0,0,0,unemployed,1326,3212,97,36,3
0,-11,18,816,Male,Married,0,0,1,0,unemployed,1051,3287,117,34,3
1,176,23,615,Male,Married,0,1,0,0,unemployed,1808,3091,73,27,5
0,736,17,831,Male,Married,1,0,0,0,unemployed,1624,3797,90,37,4
0,287,16,830,Male,Married,0,1,0,0,unemployed,1535,3192,87,32,3
0,407,18,731,Male,Married,0,0,0,1,unemployed,1258,3065,50,34,5
0,455,13,795,Male,Married,0,1,0,0,unemployed,1461,3268,67,32,4
0,468,18,792,Male,Single,0,0,1,0,unemployed,1489,3645,117,40,3
1,58,19,761,Male,Married,0,0,0,0,unemployed,1407,2996,17,25,5
0,558,17,813,Male,Married,0,0,1,0,unemployed,1589,3221,25,36,3
0,190,17,870,Male,Married,1,0,0,0,unemployed,849,3430,88,30,3
0,727,22,763,Male,Married,0,1,0,0,unemployed,931,3371,120,32,3
0,205,18,824,Male,Married,1,0,0,0,unemployed,1113,3349,95,32,3
0,622,20,776,Male,Married,0,1,0,0,unemployed,1341,3489,108,38,4
0,648,19,671,Male,Single,1,0,0,0,unemployed,1326,3156,111,32,3
0,718,21,801,Male,Married,1,0,0,0,unemployed,1055,2966,65,34,3
0,-22,23,801,Male,Married,0,1,0,0,unemployed,1094,3555,95,30,4
0,612,13,794,Male,Married,0,0,0,1,unemployed,887,3331,83,30,3
1,-180,23,626,Male,Married,0,1,0,0,unemployed,1510,2925,12,23,3
1,178,13,523,Male,Married,1,0,0,0,unemployed,1040,3306,0,24,3
1,307,19,800,Male,Married,0,0,0,1,unemployed,1297,3338,100,34,3
1,383,16,682,Male,Married,1,0,0,0,unemployed,984,2802,14,28,4
1,-94,21,964,Male,Married,0,1,0,0,unemployed,870,2248,41,24,4
1,43,20,680,Male,Married,1,0,0,0,unemployed,1216,3142,89,27,3
0,548,16,782,Male,Married,0,0,0,1,unemployed,1534,3558,90,34,5
1,282,15,582,Male,Married,0,0,1,0,unemployed,1782,2858,111,28,3
0,471,16,820,Male,Married,1,0,0,0,unemployed,1367,3777,16,28,9
0,510,22,782,Male,Married,0,1,0,0,unemployed,1323,3816,94,30,9
0,185,16,782,Male,Married,0,0,0,1,unemployed,1624,3471,118,37,9
1,-98,23,612,Male,Married,1,0,0,0,unemployed,2259,2775,66,30,7
0,372,16,748,Male,Married,0,0,1,0,unemployed,914,3365,98,33,9
0,188,15,841,Male,Married,0,1,0,0,unemployed,970,3105,20,30,2
1,39,15,719,Male,Married,1,0,0,0,unemployed,1753,2960,0,28,1
0,855,20,684,Male,Married,1,0,0,0,unemployed,1211,3301,10,39,2
0,475,14,745,Male,Married,0,0,0,1,unemployed,1657,3062,0,28,2
1,189,15,608,Male,Married,0,1,0,0,unemployed,1275,2877,0,24,2
0,-431,19,861,Male,Married,1,0,0,0,unemployed,1256,3770,75,33,1
0,452,18,824,Male,Married,1,0,0,0,unemployed,1242,3315,71,34,1
0,180,17,843,Male,Married,1,0,0,0,unemployed,1354,3701,112,31,2
1,172,26,729,Female,Single,1,0,0,0,unemployed,1177,2839,118,25,2
0,-665,18,740,Male,Married,1,0,0,0,unemployed,1284,3659,65,33,2
0,405,12,825,Male,Married,1,0,0,0,unemployed,1176,2813,83,36,3
0,631,15,679,Male,Married,0,1,0,0,unemployed,1434,3050,68,29,4
0,742,15,795,Male,Married,1,0,0,0,unemployed,1444,3414,37,31,5
0,599,18,868,Male,Single,0,1,0,0,unemployed,1266,3107,104,33,5
1,82,16,844,Male,Married,0,1,0,0,unemployed,1199,2931,28,25,4
0,589,20,733,Male,Married,1,0,0,0,unemployed,829,3171,70,33,4
1,17,21,562,Male,Married,1,0,0,0,unemployed,1328,2658,118,28,5
0,590,18,873,Female,Single,1,0,0,0,unemployed,1433,3469,108,29,5
0,343,16,824,Male,Married,0,1,0,0,unemployed,1465,3426,99,31,4
0,709,16,811,Male,Married,1,0,0,0,unemployed,1359,3114,113,28,6
0,991,15,794,Male,Married,0,1,0,0,unemployed,1321,3309,95,33,8
